,open,high,low,close,volume,value
2025-04-29 16:09:00,136608000.0,136608000.0,136600000.0,136600000.0,0.43752717,59767950.55106
2025-04-29 16:10:00,136596000.0,136600000.0,136546000.0,136564000.0,0.71938117,98245915.61404
2025-04-29 16:11:00,136564000.0,136564000.0,136546000.0,136547000.0,0.32806874,44801161.18893
2025-04-29 16:12:00,136564000.0,136564000.0,136546000.0,136546000.0,0.16054258,21922404.93112
2025-04-29 16:13:00,136561000.0,136561000.0,136527000.0,136527000.0,0.36481134,49811941.35096
2025-04-29 16:14:00,136536000.0,136536000.0,136527000.0,136529000.0,0.41299037,56384895.51449
2025-04-29 16:15:00,136529000.0,136700000.0,136528000.0,136573000.0,2.4839244,339242299.26021
2025-04-29 16:16:00,136700000.0,136750000.0,136573000.0,136747000.0,1.22225642,167106874.61775
2025-04-29 16:17:00,136750000.0,136770000.0,136695000.0,136769000.0,1.1468191,156839061.67015
2025-04-29 16:18:00,136769000.0,136770000.0,136747000.0,136747000.0,0.21014453,28740948.39856
2025-04-29 16:19:00,136747000.0,136760000.0,136739000.0,136747000.0,1.90375639,260339171.85794
2025-04-29 16:20:00,136747000.0,136759000.0,136747000.0,136754000.0,0.10040193,13730626.21954
2025-04-29 16:21:00,136759000.0,136760000.0,136740000.0,136740000.0,0.95010609,129928520.91041
2025-04-29 16:22:00,136754000.0,136760000.0,136740000.0,136760000.0,0.7120468,97369770.94203
2025-04-29 16:23:00,136760000.0,136760000.0,136740000.0,136760000.0,0.15856275,21684276.15935
2025-04-29 16:24:00,136760000.0,136760000.0,136741000.0,136745000.0,0.10966983,14998203.33249
2025-04-29 16:25:00,136744000.0,136800000.0,136744000.0,136791000.0,0.34303172,46913851.98546
2025-04-29 16:26:00,136800000.0,136854000.0,136791000.0,136854000.0,1.12845132,154410659.3697
2025-04-29 16:27:00,136854000.0,136894000.0,136850000.0,136893000.0,2.24769749,307644838.41565
2025-04-29 16:28:00,136893000.0,136903000.0,136852000.0,136882000.0,1.4383508,196902494.2089
2025-04-29 16:29:00,136882000.0,136938000.0,136853000.0,136875000.0,0.57506626,78732513.04238
2025-04-29 16:30:00,136875000.0,136937000.0,136875000.0,136878000.0,1.87347085,256518005.35163
2025-04-29 16:31:00,136921000.0,136921000.0,136878000.0,136879000.0,0.44690982,61179478.96716
2025-04-29 16:32:00,136921000.0,136921000.0,136877000.0,136920000.0,1.13345275,155177832.12766
2025-04-29 16:33:00,136920000.0,136935000.0,136850000.0,136850000.0,2.21312523,302910238.54818
2025-04-29 16:34:00,136850000.0,136850000.0,136814000.0,136850000.0,0.32126371,43963427.45037
2025-04-29 16:35:00,136849000.0,136850000.0,136818000.0,136819000.0,0.39997699,54732039.31655
2025-04-29 16:36:00,136844000.0,136844000.0,136818000.0,136820000.0,0.19852753,27162359.80086
2025-04-29 16:37:00,136843000.0,136844000.0,136800000.0,136810000.0,1.25912756,172268875.61436
2025-04-29 16:38:00,136810000.0,136810000.0,136800000.0,136801000.0,0.17840552,24407424.25161
2025-04-29 16:39:00,136810000.0,136810000.0,136744000.0,136744000.0,0.4869999,66619242.21613
2025-04-29 16:40:00,136800000.0,136810000.0,136739000.0,136810000.0,0.56140761,76772919.61769
2025-04-29 16:41:00,136801000.0,136810000.0,136801000.0,136801000.0,0.1546072,21150923.62979
2025-04-29 16:42:00,136801000.0,136801000.0,136744000.0,136801000.0,0.21382366,29250914.97744
2025-04-29 16:43:00,136801000.0,136801000.0,136754000.0,136800000.0,0.26805447,36666061.63745
2025-04-29 16:44:00,136800000.0,136800000.0,136764000.0,136787000.0,0.12454785,17036077.17389
2025-04-29 16:45:00,136764000.0,136787000.0,136764000.0,136787000.0,0.08155992,11155916.15192
2025-04-29 16:46:00,136787000.0,136821000.0,136763000.0,136787000.0,1.144907,156614934.01889
2025-04-29 16:47:00,136821000.0,136848000.0,136774000.0,136848000.0,0.24983255,34184128.36623
2025-04-29 16:48:00,136848000.0,136848000.0,136821000.0,136843000.0,0.21285681,29127750.17369
2025-04-29 16:49:00,136843000.0,136843000.0,136821000.0,136830000.0,0.17194304,23528592.95964
2025-04-29 16:50:00,136843000.0,136907000.0,136830000.0,136907000.0,1.70876789,233848408.12818
2025-04-29 16:51:00,136907000.0,136907000.0,136879000.0,136880000.0,0.2236622,30616665.44566
2025-04-29 16:52:00,136894000.0,136895000.0,136880000.0,136895000.0,0.27000038,36960809.70157
2025-04-29 16:53:00,136895000.0,136907000.0,136880000.0,136895000.0,1.71706301,235056004.77794
2025-04-29 16:54:00,136895000.0,136895000.0,136881000.0,136882000.0,0.12263351,16786998.80085
2025-04-29 16:55:00,136882000.0,136940000.0,136882000.0,136937000.0,0.64261307,87982646.80669
2025-04-29 16:56:00,136937000.0,136937000.0,136830000.0,136870000.0,0.6048346,82787893.72217
2025-04-29 16:57:00,136870000.0,136870000.0,136853000.0,136862000.0,0.21707211,29708936.95316
2025-04-29 16:58:00,136865000.0,136865000.0,136830000.0,136853000.0,0.25583891,35013221.67546
2025-04-29 16:59:00,136853000.0,136859000.0,136831000.0,136831000.0,0.2485158,34005984.88571
2025-04-29 17:00:00,136831000.0,136860000.0,136831000.0,136860000.0,0.24922093,34106442.53604
2025-04-29 17:01:00,136860000.0,136860000.0,136831000.0,136851000.0,0.21754242,29768699.74473
2025-04-29 17:02:00,136851000.0,136851000.0,136830000.0,136848000.0,0.25601412,35033372.44594
2025-04-29 17:03:00,136848000.0,136848000.0,136830000.0,136830000.0,0.12500431,17105425.25523
2025-04-29 17:04:00,136830000.0,136848000.0,136829000.0,136829000.0,0.29726048,40678998.20362
2025-04-29 17:05:00,136846000.0,136846000.0,136816000.0,136817000.0,0.44083936,60316892.13106
2025-04-29 17:06:00,136817000.0,136818000.0,136803000.0,136815000.0,0.11224503,15356806.04551
2025-04-29 17:07:00,136815000.0,136816000.0,136800000.0,136816000.0,0.63473662,86841833.64969
2025-04-29 17:08:00,136816000.0,136816000.0,136807000.0,136815000.0,0.24935111,34114572.59959
2025-04-29 17:09:00,136815000.0,136820000.0,136803000.0,136808000.0,0.5889669,80577976.23828
2025-04-29 17:10:00,136803000.0,136808000.0,136786000.0,136808000.0,0.97584321,133498837.34567
2025-04-29 17:11:00,136808000.0,136831000.0,136807000.0,136831000.0,1.0805703,147839388.63928
2025-04-29 17:12:00,136846000.0,136861000.0,136845000.0,136845000.0,0.98844289,135276889.51614
2025-04-29 17:13:00,136861000.0,136861000.0,136833000.0,136845000.0,0.09307914,12738048.78013
2025-04-29 17:14:00,136845000.0,136845000.0,136807000.0,136844000.0,0.55371113,75762283.24938
2025-04-29 17:15:00,136844000.0,136845000.0,136823000.0,136844000.0,0.23952196,32776708.66732
2025-04-29 17:16:00,136844000.0,136844000.0,136823000.0,136843000.0,0.24835503,33985433.2075
2025-04-29 17:17:00,136843000.0,136843000.0,136825000.0,136842000.0,0.22735349,31111360.53411
2025-04-29 17:18:00,136842000.0,136843000.0,136824000.0,136843000.0,0.83298369,113983525.92704
2025-04-29 17:19:00,136843000.0,136843000.0,136828000.0,136843000.0,0.18355249,25117806.79608
2025-04-29 17:20:00,136841000.0,136843000.0,136824000.0,136843000.0,0.2393135,32747837.53838
2025-04-29 17:21:00,136843000.0,136860000.0,136841000.0,136843000.0,1.28596903,175978004.83256
2025-04-29 17:22:00,136852000.0,136852000.0,136841000.0,136852000.0,0.40625234,55595926.78639
2025-04-29 17:23:00,136852000.0,136852000.0,136823000.0,136825000.0,0.91672474,125444661.21756
2025-04-29 17:24:00,136825000.0,136825000.0,136700000.0,136824000.0,2.96251564,405178480.22274
2025-04-29 17:25:00,136707000.0,136815000.0,136700000.0,136771000.0,0.50725449,69352917.39425
2025-04-29 17:26:00,136771000.0,136771000.0,136701000.0,136714000.0,0.14366314,19640090.85506
2025-04-29 17:27:00,136701000.0,136714000.0,136701000.0,136714000.0,0.31257485,42730500.23598
2025-04-29 17:28:00,136714000.0,136714000.0,136700000.0,136701000.0,0.15795927,21594349.29577
2025-04-29 17:29:00,136714000.0,136714000.0,136701000.0,136714000.0,0.24693342,33758313.34394
2025-04-29 17:30:00,136714000.0,136714000.0,136701000.0,136713000.0,0.81985646,112079419.17299
2025-04-29 17:31:00,136713000.0,136713000.0,136698000.0,136698000.0,0.77595888,106074196.099
2025-04-29 17:32:00,136699000.0,136699000.0,136640000.0,136640000.0,0.87546423,119662423.59157
2025-04-29 17:33:00,136647000.0,136647000.0,136624000.0,136624000.0,0.12367924,16899278.20076
2025-04-29 17:34:00,136624000.0,136631000.0,136600000.0,136619000.0,0.22673565,30973578.42157
2025-04-29 17:35:00,136619000.0,136619000.0,136582000.0,136618000.0,0.53703458,73358805.39683
2025-04-29 17:36:00,136619000.0,136619000.0,136561000.0,136582000.0,0.50045243,68363171.66922
2025-04-29 17:37:00,136582000.0,136582000.0,136535000.0,136560000.0,0.50062115,68364821.82176
2025-04-29 17:38:00,136561000.0,136561000.0,136535000.0,136536000.0,0.04403955,6013724.86815
2025-04-29 17:39:00,136560000.0,136560000.0,136506000.0,136506000.0,0.2785629,38030935.25923
2025-04-29 17:40:00,136522000.0,136522000.0,136500000.0,136521000.0,0.97096256,132549620.76363
2025-04-29 17:41:00,136521000.0,136521000.0,136500000.0,136500000.0,0.19958291,27245693.43296
2025-04-29 17:42:00,136521000.0,136560000.0,136500000.0,136560000.0,0.93572789,127749448.50991
2025-04-29 17:43:00,136575000.0,136619000.0,136530000.0,136618000.0,0.08822355,12050574.05258
2025-04-29 17:44:00,136618000.0,136618000.0,136539000.0,136550000.0,0.09436803,12888376.19224
2025-04-29 17:45:00,136539000.0,136609000.0,136530000.0,136531000.0,0.50173007,68503295.62719
2025-04-29 17:46:00,136531000.0,136619000.0,136531000.0,136619000.0,0.33667201,45972905.203
2025-04-29 17:47:00,136619000.0,136619000.0,136539000.0,136619000.0,0.32417836,44274899.86963
2025-04-29 17:48:00,136619000.0,136688000.0,136572000.0,136573000.0,0.62460249,85337346.70966
2025-04-29 17:49:00,136688000.0,136688000.0,136587000.0,136687000.0,0.22772827,31118211.78279
2025-04-29 17:50:00,136687000.0,136699000.0,136579000.0,136599000.0,0.29144104,39818366.45303
2025-04-29 17:51:00,136599000.0,136624000.0,136575000.0,136624000.0,0.08137967,11116432.83501
2025-04-29 17:52:00,136599000.0,136668000.0,136599000.0,136599000.0,0.07677449,10488289.33942
2025-04-29 17:53:00,136667000.0,136667000.0,136574000.0,136574000.0,0.63876341,87286463.1896
2025-04-29 17:54:00,136598000.0,136599000.0,136573000.0,136573000.0,0.17980068,24558264.81028
2025-04-29 17:55:00,136573000.0,136668000.0,136572000.0,136667000.0,0.73004833,99714033.46498
2025-04-29 17:56:00,136667000.0,136793000.0,136667000.0,136783000.0,0.8063718,110230404.67647
2025-04-29 17:57:00,136793000.0,136800000.0,136736000.0,136770000.0,0.22505693,30779849.34289
2025-04-29 17:58:00,136770000.0,136786000.0,136701000.0,136738000.0,0.45249578,61874703.74978
2025-04-29 17:59:00,136738000.0,136738000.0,136736000.0,136737000.0,0.15790649,21591597.7817
2025-04-29 18:00:00,136736000.0,136738000.0,136736000.0,136736000.0,0.73224208,100124687.8164
2025-04-29 18:01:00,136737000.0,136738000.0,136720000.0,136722000.0,0.27332448,37371641.96555
2025-04-29 18:02:00,136738000.0,136795000.0,136684000.0,136720000.0,0.8838791,120845132.30521
2025-04-29 18:03:00,136722000.0,136800000.0,136686000.0,136800000.0,1.3037731,178302616.23034
2025-04-29 18:04:00,136800000.0,136800000.0,136706000.0,136730000.0,0.34401352,47054452.08476
2025-04-29 18:05:00,136730000.0,136793000.0,136686000.0,136686000.0,0.21643587,29594418.80618
2025-04-29 18:06:00,136779000.0,136780000.0,136668000.0,136742000.0,0.42269825,57778742.30974
2025-04-29 18:07:00,136739000.0,136739000.0,136648000.0,136648000.0,0.46760055,63910511.92674
2025-04-29 18:08:00,136650000.0,136686000.0,136605000.0,136608000.0,0.09180129,12542099.88186
2025-04-29 18:09:00,136608000.0,136631000.0,136607000.0,136608000.0,0.51537585,70406961.57248
2025-04-29 18:10:00,136608000.0,136733000.0,136576000.0,136603000.0,0.63793148,87142195.45133
2025-04-29 18:11:00,136603000.0,136650000.0,136594000.0,136600000.0,0.49095529,67069225.80144
2025-04-29 18:12:00,136650000.0,136650000.0,136584000.0,136584000.0,0.14158315,19340543.78872
2025-04-29 18:13:00,136650000.0,136695000.0,136570000.0,136695000.0,0.19578152,26745744.49198
2025-04-29 18:14:00,136695000.0,136695000.0,136505000.0,136520000.0,0.63819368,87144404.8748
2025-04-29 18:15:00,136504000.0,136561000.0,136466000.0,136490000.0,2.63352816,359442542.67567
2025-04-29 18:16:00,136490000.0,136561000.0,136460000.0,136468000.0,0.2511519,34274964.51072
2025-04-29 18:17:00,136468000.0,136533000.0,136427000.0,136427000.0,0.40416442,55148523.2715
2025-04-29 18:18:00,136433000.0,136533000.0,136427000.0,136490000.0,0.54202515,73957226.67113
2025-04-29 18:19:00,136490000.0,136534000.0,136410000.0,136494000.0,1.20775822,164803371.66592
2025-04-29 18:20:00,136494000.0,136494000.0,136400000.0,136427000.0,0.52550667,71695694.89474
2025-04-29 18:21:00,136447000.0,136467000.0,136417000.0,136419000.0,0.37300132,50891317.72417
2025-04-29 18:22:00,136467000.0,136467000.0,136415000.0,136417000.0,0.30442166,41528784.19884
2025-04-29 18:23:00,136417000.0,136419000.0,136383000.0,136417000.0,1.20734867,164679674.61368
2025-04-29 18:24:00,136418000.0,136418000.0,136397000.0,136397000.0,0.51415653,70136101.87665
2025-04-29 18:25:00,136397000.0,136555000.0,136383000.0,136506000.0,2.38047493,324729641.00286
2025-04-29 18:26:00,136507000.0,136589000.0,136419000.0,136588000.0,1.17036252,159809287.97814
2025-04-29 18:27:00,136588000.0,136672000.0,136483000.0,136512000.0,1.82307068,249002799.6388
2025-04-29 18:28:00,136511000.0,136697000.0,136510000.0,136638000.0,0.23383904,31944269.71652
2025-04-29 18:29:00,136699000.0,136728000.0,136622000.0,136622000.0,1.45297127,198530593.28691
2025-04-29 18:30:00,136728000.0,136736000.0,136692000.0,136728000.0,0.54528333,74556393.27852
2025-04-29 18:31:00,136692000.0,136734000.0,136606000.0,136608000.0,2.13306316,291552583.58298
2025-04-29 18:32:00,136733000.0,136733000.0,136610000.0,136610000.0,0.10868591,14853640.4965
2025-04-29 18:33:00,136717000.0,136736000.0,136610000.0,136727000.0,0.18874577,25801413.33386
2025-04-29 18:34:00,136727000.0,136727000.0,136611000.0,136631000.0,0.33930697,46369377.4524
2025-04-29 18:35:00,136725000.0,136727000.0,136631000.0,136727000.0,0.40247592,55027349.24224
2025-04-29 18:36:00,136727000.0,136800000.0,136631000.0,136753000.0,0.96850094,132420735.12521
2025-04-29 18:37:00,136753000.0,136768000.0,136670000.0,136768000.0,0.1623939,22206555.96104
2025-04-29 18:38:00,136768000.0,136798000.0,136664000.0,136667000.0,0.23559044,32218778.98004
2025-04-29 18:39:00,136797000.0,136797000.0,136669000.0,136700000.0,0.18972615,25937490.37881
2025-04-29 18:40:00,136700000.0,136800000.0,136700000.0,136796000.0,0.58440566,79929622.75942
2025-04-29 18:41:00,136800000.0,136800000.0,136796000.0,136797000.0,0.14316735,19584903.59161
2025-04-29 18:42:00,136799000.0,136831000.0,136796000.0,136831000.0,1.76618739,241615531.808
2025-04-29 18:43:00,136831000.0,136850000.0,136785000.0,136791000.0,1.35704718,185661704.06207
2025-04-29 18:44:00,136799000.0,136848000.0,136728000.0,136826000.0,0.19156045,26208663.45121
2025-04-29 18:45:00,136826000.0,136848000.0,136790000.0,136824000.0,0.61006857,83465309.67947
2025-04-29 18:46:00,136824000.0,136827000.0,136742000.0,136750000.0,0.10023239,13706799.17528
2025-04-29 18:47:00,136750000.0,136750000.0,136747000.0,136747000.0,0.14474287,19793329.18398
2025-04-29 18:48:00,136747000.0,136747000.0,136729000.0,136747000.0,0.32076017,43861706.75852
2025-04-29 18:49:00,136747000.0,136750000.0,136700000.0,136728000.0,0.60164225,82267820.64824
2025-04-29 18:50:00,136749000.0,136749000.0,136700000.0,136700000.0,0.05684026,7770730.27755
2025-04-29 18:51:00,136700000.0,136748000.0,136686000.0,136686000.0,0.31512117,43076418.51254
2025-04-29 18:52:00,136690000.0,136690000.0,136669000.0,136679000.0,0.45435606,62102036.60895
2025-04-29 18:53:00,136679000.0,136748000.0,136670000.0,136740000.0,0.26107249,35686240.55328
2025-04-29 18:54:00,136740000.0,136802000.0,136718000.0,136802000.0,0.2558591,34984266.13554
2025-04-29 18:55:00,136743000.0,136823000.0,136742000.0,136823000.0,0.28478213,38946938.17797
2025-04-29 18:56:00,136823000.0,136899000.0,136749000.0,136871000.0,0.96181748,131628333.85266
2025-04-29 18:57:00,136899000.0,136900000.0,136872000.0,136872000.0,1.00324736,137341467.6763
2025-04-29 18:58:00,136900000.0,136900000.0,136870000.0,136884000.0,0.48446799,66318658.74098
2025-04-29 18:59:00,136884000.0,136900000.0,136850000.0,136850000.0,0.45899553,62826259.53368
2025-04-29 19:00:00,136884000.0,136884000.0,136829000.0,136883000.0,0.4320254,59133998.56159
2025-04-29 19:01:00,136884000.0,136884000.0,136829000.0,136884000.0,0.25150245,34426387.95109
2025-04-29 19:02:00,136884000.0,136885000.0,136825000.0,136885000.0,1.02019222,139600672.71522
2025-04-29 19:03:00,136885000.0,136900000.0,136884000.0,136888000.0,0.52825702,72312503.82543
2025-04-29 19:04:00,136900000.0,136900000.0,136888000.0,136899000.0,0.37708092,51620102.09412
2025-04-29 19:05:00,136899000.0,136900000.0,136899000.0,136899000.0,0.26385491,36121684.46006
2025-04-29 19:06:00,136900000.0,136900000.0,136888000.0,136889000.0,0.3370589,46142241.30219
2025-04-29 19:07:00,136899000.0,136900000.0,136889000.0,136900000.0,0.24437936,33455050.69108
2025-04-29 19:08:00,136900000.0,136900000.0,136827000.0,136827000.0,0.72184802,98809202.26725
2025-04-29 19:09:00,136827000.0,136827000.0,136826000.0,136826000.0,0.13875037,18984772.3121
2025-04-29 19:10:00,136826000.0,136887000.0,136800000.0,136887000.0,0.40972433,56060047.19966
2025-04-29 19:11:00,136887000.0,136899000.0,136820000.0,136887000.0,0.12887662,17639527.44629
2025-04-29 19:12:00,136887000.0,136898000.0,136880000.0,136886000.0,0.2157618,29535000.22576
2025-04-29 19:13:00,136886000.0,136887000.0,136886000.0,136887000.0,0.248212,33976823.03578
2025-04-29 19:14:00,136887000.0,136898000.0,136886000.0,136898000.0,0.56089152,76779871.81112
2025-04-29 19:15:00,136898000.0,136898000.0,136887000.0,136889000.0,0.31509002,43133851.5412
2025-04-29 19:16:00,136889000.0,136900000.0,136886000.0,136900000.0,0.42455969,58118106.07294
2025-04-29 19:17:00,136900000.0,136925000.0,136899000.0,136924000.0,0.75295908,103082077.38489
2025-04-29 19:18:00,136925000.0,136945000.0,136924000.0,136941000.0,0.78210917,107100760.60234
2025-04-29 19:19:00,136945000.0,136945000.0,136828000.0,136925000.0,1.33850752,183250770.55407
2025-04-29 19:20:00,136829000.0,136945000.0,136793000.0,136938000.0,0.65214999,89255761.51861
2025-04-29 19:21:00,136938000.0,136944000.0,136878000.0,136879000.0,0.28876343,39535203.58864
2025-04-29 19:22:00,136940000.0,136944000.0,136878000.0,136878000.0,0.11609595,15891902.88539
2025-04-29 19:23:00,136879000.0,136880000.0,136878000.0,136880000.0,0.28395258,38867215.354
2025-04-29 19:24:00,136880000.0,136880000.0,136835000.0,136865000.0,0.82437763,112838942.55883
2025-04-29 19:25:00,136835000.0,136860000.0,136820000.0,136835000.0,0.44226905,60517466.2161
2025-04-29 19:26:00,136835000.0,136835000.0,136814000.0,136822000.0,0.23545834,32215601.8767
2025-04-29 19:27:00,136822000.0,136880000.0,136814000.0,136880000.0,0.84813679,116052964.45411
2025-04-29 19:28:00,136880000.0,136920000.0,136836000.0,136920000.0,0.17436142,23866167.23045
2025-04-29 19:28:00,136880000.0,136920000.0,136836000.0,136920000.0,0.17432142,23860690.43045
2025-04-29 19:29:00,136920000.0,136945000.0,136889000.0,136944000.0,0.4164854,57026478.66685
2025-04-29 19:29:00,136920000.0,136933000.0,136889000.0,136921000.0,0.26616043,36441843.49917
2025-04-29 19:29:00,136920000.0,136933000.0,136889000.0,136921000.0,0.26606043,36428151.39917
2025-04-29 19:29:00,136920000.0,136920000.0,136889000.0,136920000.0,0.26264241,35960147.61443
2025-04-29 19:29:00,136920000.0,136945000.0,136889000.0,136944000.0,0.40420185,55344313.7615
2025-04-29 19:29:00,136920000.0,136920000.0,136920000.0,136920000.0,0.00088549,121241.2908
2025-04-29 19:29:00,136920000.0,136945000.0,136889000.0,136945000.0,0.4135607,56625958.55005
2025-04-29 19:29:00,136920000.0,136933000.0,136889000.0,136933000.0,0.26286673,35990864.42499
2025-04-29 19:29:00,136920000.0,136920000.0,136889000.0,136890000.0,0.0434511,5948480.02433
2025-04-29 19:29:00,136920000.0,136920000.0,136889000.0,136920000.0,0.02427664,3323449.42315
2025-04-29 19:29:00,136920000.0,136920000.0,136889000.0,136889000.0,0.02798568,3831177.78443
2025-04-29 19:29:00,136920000.0,136933000.0,136889000.0,136920000.0,0.30366986,41577646.36217
2025-04-29 19:29:00,136920000.0,136920000.0,136920000.0,136920000.0,0.0006664,91243.488
2025-04-29 19:29:00,136920000.0,136945000.0,136889000.0,136944000.0,0.37735881,51668320.49174
2025-04-29 19:29:00,136920000.0,136920000.0,136889000.0,136920000.0,0.02432776,3330448.77355
2025-04-29 19:29:00,136920000.0,136920000.0,136889000.0,136890000.0,0.18974096,25978481.08043
2025-04-29 19:29:00,136920000.0,136945000.0,136889000.0,136944000.0,0.40712655,55744833.8783
2025-04-29 19:29:00,136920000.0,136920000.0,136889000.0,136889000.0,0.01727664,2365009.42315
2025-04-29 19:29:00,136920000.0,136920000.0,136889000.0,136920000.0,0.03601555,4930627.58483
2025-04-29 19:29:00,136920000.0,136920000.0,136889000.0,136920000.0,0.18952179,25948478.89913
2025-04-29 19:29:00,136920000.0,136933000.0,136889000.0,136933000.0,0.33350784,45663189.8396
2025-04-29 19:29:00,136920000.0,136945000.0,136889000.0,136945000.0,0.3676903,50344276.0583
2025-04-29 19:29:00,136920000.0,136933000.0,136889000.0,136920000.0,0.32371893,44322765.02657
2025-04-29 19:29:00,136920000.0,136945000.0,136889000.0,136945000.0,0.36761833,50334420.12665
2025-04-29 19:29:00,136920000.0,136920000.0,136889000.0,136890000.0,0.04341555,5943613.58483
2025-04-29 19:30:00,136944000.0,136946000.0,136920000.0,136933000.0,0.31532807,43182270.50463
2025-04-29 19:30:00,136944000.0,136946000.0,136920000.0,136946000.0,0.30502736,41771647.48488
2025-04-29 19:30:00,136944000.0,136946000.0,136920000.0,136945000.0,0.31359014,42944277.39198
2025-04-29 19:30:00,136944000.0,136945000.0,136944000.0,136945000.0,0.00675369,924883.0335
2025-04-29 19:30:00,136944000.0,136946000.0,136920000.0,136946000.0,0.27852748,38142648.09429
2025-04-29 19:30:00,136944000.0,136946000.0,136920000.0,136933000.0,0.27630609,37838447.51196
2025-04-29 19:30:00,136944000.0,136945000.0,136944000.0,136945000.0,0.00685369,938577.5335
2025-04-29 19:30:00,136944000.0,136946000.0,136920000.0,136945000.0,0.30628794,41944277.61298
2025-04-29 19:30:00,136944000.0,136946000.0,136920000.0,136946000.0,0.18160792,24870224.68897
2025-04-29 19:30:00,136944000.0,136945000.0,136944000.0,136944000.0,0.00397347,544145.8056
2025-04-29 19:30:00,136944000.0,136946000.0,136920000.0,136946000.0,0.26581248,36401538.01383
2025-04-29 19:30:00,136944000.0,136946000.0,136920000.0,136945000.0,0.31468547,43094277.35883
2025-04-29 19:30:00,136944000.0,136946000.0,136920000.0,136933000.0,0.2376158,32540276.52109
2025-04-29 19:30:00,136944000.0,136945000.0,136944000.0,136945000.0,0.00196951,269713.57744
2025-04-29 19:30:00,136944000.0,136946000.0,136920000.0,136921000.0,0.24752198,33896727.20083
2025-04-29 19:30:00,136944000.0,136946000.0,136920000.0,136933000.0,0.26754269,36638448.85976
2025-04-29 19:30:00,136944000.0,136946000.0,136920000.0,136946000.0,0.2372382,32488569.01385
2025-04-29 19:30:00,136944000.0,136945000.0,136944000.0,136945000.0,0.04618466,6324757.22015
2025-04-29 19:30:00,136944000.0,136945000.0,136944000.0,136945000.0,0.00389943,534006.47184
2025-04-29 19:30:00,136944000.0,136945000.0,136920000.0,136920000.0,0.10097185,13827516.94576
2025-04-29 19:30:00,136944000.0,136946000.0,136920000.0,136946000.0,0.30141737,41277311.34068
2025-04-29 19:30:00,136944000.0,136945000.0,136920000.0,136945000.0,0.10197185,13964461.94576
2025-04-29 19:30:00,136944000.0,136946000.0,136920000.0,136933000.0,0.30430555,41672798.49262
2025-04-29 19:30:00,136944000.0,136945000.0,136944000.0,136945000.0,0.04764437,6524657.2061
2025-04-29 19:30:00,136944000.0,136946000.0,136920000.0,136946000.0,0.30133342,41265814.72398
2025-04-29 19:30:00,136944000.0,136946000.0,136920000.0,136945000.0,0.31243269,42785770.40173
2025-04-29 19:31:00,136945000.0,136950000.0,136933000.0,136935000.0,0.24426597,33449618.93777
2025-04-29 19:31:00,136945000.0,136950000.0,136933000.0,136934000.0,0.13383774,18327996.03307
2025-04-29 19:31:00,136945000.0,136945000.0,136933000.0,136945000.0,0.00125013,171197.85285
2025-04-29 19:31:00,136945000.0,136950000.0,136933000.0,136950000.0,0.07133794,9769629.78486
2025-04-29 19:31:00,136945000.0,136950000.0,136933000.0,136934000.0,0.08218185,11254540.5568
2025-04-29 19:31:00,136945000.0,136950000.0,136933000.0,136935000.0,0.08213794,11248527.78486
2025-04-29 19:31:00,136945000.0,136950000.0,136933000.0,136935000.0,0.09001686,12327427.65115
2025-04-29 19:31:00,136945000.0,136950000.0,136933000.0,136935000.0,0.08271413,11327428.3186
2025-04-29 19:31:00,136945000.0,136950000.0,136933000.0,136935000.0,0.07213794,9879177.78486
2025-04-29 19:31:00,136945000.0,136950000.0,136933000.0,136934000.0,0.22550436,30880346.77022
2025-04-29 19:31:00,136945000.0,136945000.0,136933000.0,136945000.0,0.00147422,201885.8579
2025-04-29 19:31:00,136945000.0,136945000.0,136933000.0,136933000.0,0.00117711,161198.12895
2025-04-29 19:31:00,136945000.0,136950000.0,136933000.0,136945000.0,0.24061458,32949615.84812
2025-04-29 19:31:00,136945000.0,136950000.0,136933000.0,136935000.0,0.19282116,26404889.19278
2025-04-29 19:31:00,136945000.0,136950000.0,136933000.0,136935000.0,0.07152512,9795261.27816
2025-04-29 19:31:00,136945000.0,136950000.0,136933000.0,136935000.0,0.07159836,9805290.39756
2025-04-29 19:32:00,136944000.0,136944000.0,136920000.0,136924000.0,0.208016,28484303.14999
2025-04-29 19:32:00,136944000.0,136944000.0,136933000.0,136934000.0,0.08862368,12135647.44481
2025-04-29 19:32:00,136944000.0,136944000.0,136934000.0,136934000.0,0.05088927,6968531.8528
2025-04-29 19:32:00,136944000.0,136944000.0,136933000.0,136935000.0,0.10603365,14519681.5636
2025-04-29 19:32:00,136944000.0,136944000.0,136920000.0,136924000.0,0.2072857,28384307.55279
2025-04-29 19:32:00,136944000.0,136944000.0,136920000.0,136920000.0,0.18194191,24914105.70615
2025-04-29 19:32:00,136944000.0,136944000.0,136934000.0,136934000.0,0.06594345,9029960.93692
2025-04-29 19:32:00,136944000.0,136944000.0,136933000.0,136935000.0,0.10610667,14529680.5573
2025-04-29 19:32:00,136944000.0,136944000.0,136933000.0,136934000.0,0.10211691,13983342.82162
2025-04-29 19:32:00,136944000.0,136944000.0,136933000.0,136934000.0,0.06853346,9384618.81641
2025-04-29 19:32:00,136944000.0,136944000.0,136933000.0,136934000.0,0.12531653,17160181.76512
2025-04-29 19:32:00,136944000.0,136944000.0,136933000.0,136935000.0,0.10204367,13973313.77546
2025-04-29 19:32:00,136944000.0,136944000.0,136920000.0,136930000.0,0.19315574,26449555.30975
2025-04-29 19:32:00,136944000.0,136944000.0,136933000.0,136933000.0,0.0684933,9379119.54697
2025-04-29 19:32:00,136944000.0,136944000.0,136920000.0,136924000.0,0.20655574,28284358.50975
2025-04-29 19:32:00,136944000.0,136944000.0,136944000.0,136944000.0,0.00129615,177499.9656
2025-04-29 19:32:00,136944000.0,136944000.0,136920000.0,136930000.0,0.19055574,26093537.30975
2025-04-29 19:32:00,136944000.0,136944000.0,136933000.0,136933000.0,0.0659933,9036787.04697
2025-04-29 19:32:00,136944000.0,136944000.0,136920000.0,136930000.0,0.19575574,26805573.30975
2025-04-29 19:32:00,136944000.0,136944000.0,136933000.0,136935000.0,0.10323365,14136263.5636
2025-04-29 19:32:00,136944000.0,136944000.0,136933000.0,136935000.0,0.12434525,17027180.5096
2025-04-29 19:32:00,136944000.0,136944000.0,136920000.0,136930000.0,0.19675574,26942503.30975
2025-04-29 19:32:00,136944000.0,136944000.0,136935000.0,136935000.0,0.04888927,6694663.8528
2025-04-29 19:33:00,136924000.0,136930000.0,136920000.0,136930000.0,0.10461584,14324543.3986
2025-04-29 19:33:00,136924000.0,136930000.0,136920000.0,136924000.0,0.07361888,10080310.87852
2025-04-29 19:33:00,136924000.0,136930000.0,136920000.0,136924000.0,0.04842771,6630982.60138
2025-04-29 19:33:00,136924000.0,136930000.0,136920000.0,136930000.0,0.05850866,8011349.11524
2025-04-29 19:33:00,136924000.0,136930000.0,136920000.0,136924000.0,0.10190646,13953563.86436
2025-04-29 19:33:00,136924000.0,136930000.0,136920000.0,136924000.0,0.05814141,7961061.57274
2025-04-29 19:33:00,136924000.0,136924000.0,136924000.0,136924000.0,0.00107718,147491.79432
2025-04-29 19:33:00,136924000.0,136924000.0,136924000.0,136924000.0,0.03262079,4466569.04996
2025-04-29 19:33:00,136924000.0,136930000.0,136920000.0,136930000.0,0.04769775,6531033.55834
2025-04-29 19:33:00,136924000.0,136924000.0,136920000.0,136924000.0,0.03652474,5001113.29904
2025-04-29 19:33:00,136924000.0,136930000.0,136920000.0,136930000.0,0.04369775,5983313.55834
2025-04-29 19:33:00,136924000.0,136924000.0,136920000.0,136924000.0,0.03413157,4673430.88996
2025-04-29 19:33:00,136924000.0,136930000.0,136920000.0,136924000.0,0.10455132,14315708.675
2025-04-29 19:33:00,136924000.0,136930000.0,136920000.0,136924000.0,0.08162183,11176106.80432
2025-04-29 19:33:00,136924000.0,136930000.0,136920000.0,136930000.0,0.05806817,7951033.25898
2025-04-29 19:33:00,136924000.0,136930000.0,136920000.0,136924000.0,0.09924427,13589041.77888
2025-04-29 19:33:00,136924000.0,136930000.0,136920000.0,136924000.0,0.05134941,7031033.45218
2025-04-29 19:34:00,136930000.0,136945000.0,136829000.0,136890000.0,0.59748613,81811323.81211
2025-04-29 19:34:00,136930000.0,136945000.0,136890000.0,136945000.0,0.54133905,74124084.86244
2025-04-29 19:34:00,136930000.0,136945000.0,136829000.0,136937000.0,0.58800295,80513171.30191
2025-04-29 19:34:00,136930000.0,136945000.0,136829000.0,136890000.0,0.59628613,81647055.81211
2025-04-29 19:34:00,136930000.0,136941000.0,136900000.0,136900000.0,0.50117351,68624035.74149
2025-04-29 19:34:00,136930000.0,136941000.0,136890000.0,136890000.0,0.50482644,69124085.32919
2025-04-29 19:34:00,136930000.0,136945000.0,136829000.0,136937000.0,0.58790496,80499752.84528
2025-04-29 19:34:00,136930000.0,136930000.0,136930000.0,136930000.0,0.11822219,16188164.4767
2025-04-29 19:34:00,136930000.0,136945000.0,136829000.0,136890000.0,0.55750263,76336651.98492
2025-04-29 19:34:00,136930000.0,136930000.0,136930000.0,136930000.0,0.02398581,3284376.9633
2025-04-29 19:34:00,136930000.0,136941000.0,136920000.0,136920000.0,0.49501157,67780466.15549
2025-04-29 19:34:00,136930000.0,136930000.0,136930000.0,136930000.0,0.11647156,15948450.7108
2025-04-29 19:34:00,136930000.0,136930000.0,136930000.0,136930000.0,0.19173084,26253703.9212
2025-04-29 19:34:00,136930000.0,136941000.0,136930000.0,136941000.0,0.19406091,26572785.14705
2025-04-29 19:34:00,136930000.0,136945000.0,136829000.0,136829000.0,0.55018818,75335070.20377
2025-04-29 19:34:00,136930000.0,136945000.0,136829000.0,136945000.0,0.55677242,76236693.53802
2025-04-29 19:34:00,136930000.0,136930000.0,136930000.0,136930000.0,0.02276259,3116881.4487
2025-04-29 19:34:00,136930000.0,136930000.0,136930000.0,136930000.0,0.11869762,16253265.1066
2025-04-29 19:34:00,136930000.0,136930000.0,136930000.0,136930000.0,0.11734572,16068149.4396
2025-04-29 19:35:00,136827000.0,136890000.0,136806000.0,136826000.0,0.28195523,38576075.54144
2025-04-29 19:35:00,136827000.0,136890000.0,136806000.0,136806000.0,0.27428366,37526405.30462
2025-04-29 19:35:00,136827000.0,136890000.0,136826000.0,136826000.0,0.04246715,5810972.21459
2025-04-29 19:35:00,136827000.0,136890000.0,136826000.0,136890000.0,0.04239091,5800540.60035
2025-04-29 19:35:00,136827000.0,136827000.0,136826000.0,136826000.0,0.03682095,5038068.77595
2025-04-29 19:35:00,136827000.0,136890000.0,136826000.0,136826000.0,0.06419001,8783224.25695
2025-04-29 19:35:00,136827000.0,136890000.0,136826000.0,136890000.0,0.04209871,5760541.34235
2025-04-29 19:35:00,136827000.0,136890000.0,136826000.0,136826000.0,0.06426388,8793331.59357
2025-04-29 19:35:00,136827000.0,136827000.0,136826000.0,136826000.0,0.00849102,1161797.77377
2025-04-29 19:35:00,136827000.0,136890000.0,136815000.0,136826000.0,0.08780929,12014868.90411
2025-04-29 19:35:00,136827000.0,136890000.0,136806000.0,136826000.0,0.27995523,38302423.54144
2025-04-29 19:35:00,136827000.0,136890000.0,136815000.0,136815000.0,0.08550929,11700169.10411
2025-04-29 19:35:00,136827000.0,136827000.0,136826000.0,136826000.0,0.03609099,4938191.26899
2025-04-29 19:36:00,136826000.0,136890000.0,136802000.0,136890000.0,0.229864,31458665.19829
2025-04-29 19:36:00,136826000.0,136889000.0,136802000.0,136889000.0,0.16430597,22484458.57888
2025-04-29 19:36:00,136826000.0,136890000.0,136802000.0,136890000.0,0.19060005,26083823.23279
2025-04-29 19:36:00,136826000.0,136889000.0,136802000.0,136889000.0,0.16496837,22575133.40356
2025-04-29 19:36:00,136826000.0,136890000.0,136802000.0,136890000.0,0.19053005,26074240.93279
2025-04-29 19:36:00,136826000.0,136889000.0,136802000.0,136802000.0,0.001198,163947.51263
2025-04-29 19:36:00,136826000.0,136889000.0,136826000.0,136889000.0,0.00085869,117529.22601
2025-04-29 19:36:00,136826000.0,136889000.0,136802000.0,136888000.0,0.11319508,15487957.8535
2025-04-29 19:36:00,136826000.0,136889000.0,136802000.0,136802000.0,0.006498,888998.11263
2025-04-29 19:36:00,136826000.0,136889000.0,136802000.0,136889000.0,0.16506146,22587876.40057
2025-04-29 19:36:00,136826000.0,136889000.0,136802000.0,136802000.0,0.0085268,1166542.01023
2025-04-29 19:36:00,136826000.0,136890000.0,136802000.0,136890000.0,0.21764175,29785561.39579
2025-04-29 19:36:00,136826000.0,136889000.0,136802000.0,136889000.0,0.18573524,25417883.9667
2025-04-29 19:36:00,136826000.0,136889000.0,136802000.0,136889000.0,0.17343575,23734219.08009
2025-04-29 19:36:00,136826000.0,136889000.0,136802000.0,136827000.0,0.08677144,11872488.23489
2025-04-29 19:36:00,136826000.0,136889000.0,136802000.0,136827000.0,0.07640167,10453623.7151
2025-04-29 19:36:00,136826000.0,136889000.0,136802000.0,136826000.0,0.0135268,1850672.01023
2025-04-29 19:36:00,136826000.0,136889000.0,136802000.0,136827000.0,0.11315855,15482957.33486
2025-04-29 19:36:00,136826000.0,136889000.0,136802000.0,136889000.0,0.17623575,24117508.28009
2025-04-29 19:36:00,136826000.0,136890000.0,136802000.0,136890000.0,0.1970692,26969385.02629
2025-04-29 19:36:00,136826000.0,136890000.0,136802000.0,136890000.0,0.19450005,26617694.23279
2025-04-29 19:36:00,136826000.0,136889000.0,136802000.0,136889000.0,0.19031005,26044125.13279
2025-04-29 19:36:00,136826000.0,136889000.0,136802000.0,136826000.0,0.06466313,8847451.49881
2025-04-29 19:37:00,136890000.0,136936000.0,136889000.0,136890000.0,1.38574234,189703662.35433
2025-04-29 19:37:00,136890000.0,136936000.0,136889000.0,136935000.0,1.26448872,173100983.14592
2025-04-29 19:37:00,136890000.0,136936000.0,136889000.0,136936000.0,1.16178174,159036701.63264
2025-04-29 19:37:00,136890000.0,136936000.0,136889000.0,136936000.0,1.26288154,172880903.84544
2025-04-29 19:37:00,136890000.0,136936000.0,136889000.0,136890000.0,1.16040302,158847905.23072
2025-04-29 19:37:00,136890000.0,136890000.0,136889000.0,136890000.0,1.15236982,157747904.55944
2025-04-29 19:37:00,136890000.0,136890000.0,136890000.0,136890000.0,0.00063914,87491.8746
2025-04-29 19:37:00,136890000.0,136936000.0,136889000.0,136936000.0,1.16139886,158984271.57696
2025-04-29 19:37:00,136890000.0,136890000.0,136890000.0,136890000.0,0.13206586,18078495.5754
2025-04-29 19:37:00,136890000.0,136936000.0,136889000.0,136890000.0,1.34193272,183704881.33625
2025-04-29 19:37:00,136890000.0,136890000.0,136889000.0,136889000.0,0.13211604,18085364.66542
2025-04-29 19:37:00,136890000.0,136936000.0,136889000.0,136936000.0,1.3785009,188712381.63273
2025-04-29 19:37:00,136890000.0,136936000.0,136889000.0,136936000.0,1.16188154,159050367.84544
2025-04-29 19:37:00,136890000.0,136936000.0,136889000.0,136936000.0,1.16122362,158960274.91232
2025-04-29 19:37:00,136890000.0,136936000.0,136889000.0,136936000.0,1.1596725,158747904.34792
2025-04-29 19:37:00,136890000.0,136936000.0,136889000.0,136936000.0,1.2732914,174306386.89777
2025-04-29 19:37:00,136890000.0,136890000.0,136889000.0,136889000.0,0.13216622,18092233.75544
2025-04-29 19:37:00,136890000.0,136936000.0,136889000.0,136936000.0,1.3098702,179315341.45457
2025-04-29 19:37:00,136890000.0,136936000.0,136889000.0,136936000.0,1.31977796,180671854.03985
2025-04-29 19:37:00,136890000.0,136936000.0,136889000.0,136936000.0,1.29265687,176958216.89769
2025-04-29 19:37:00,136890000.0,136890000.0,136889000.0,136890000.0,1.13221735,154989232.94114
2025-04-29 19:37:00,136890000.0,136936000.0,136889000.0,136936000.0,1.32167796,180932032.43985
2025-04-29 19:37:00,136890000.0,136936000.0,136889000.0,136936000.0,1.3138702,179863085.45457
2025-04-29 19:37:00,136890000.0,136890000.0,136889000.0,136890000.0,0.13221735,18099232.94114
2025-04-29 19:37:00,136890000.0,136936000.0,136889000.0,136936000.0,1.30875687,179162886.49769
2025-04-29 19:38:00,136931000.0,136945000.0,136931000.0,136945000.0,0.38756356,53070388.99448
2025-04-29 19:38:00,136931000.0,136945000.0,136931000.0,136945000.0,0.35503213,48615381.96151
2025-04-29 19:38:00,136931000.0,136937000.0,136931000.0,136937000.0,0.33523948,45905004.64846
2025-04-29 19:38:00,136931000.0,136937000.0,136931000.0,136937000.0,0.33803948,46288428.24846
2025-04-29 19:38:00,136931000.0,136936000.0,136931000.0,136931000.0,0.26881804,36809589.92074
2025-04-29 19:38:00,136931000.0,136937000.0,136931000.0,136937000.0,0.31267601,42815299.55067
2025-04-29 19:38:00,136931000.0,136937000.0,136931000.0,136931000.0,0.3046461,41715713.63124
2025-04-29 19:38:00,136931000.0,136945000.0,136931000.0,136945000.0,0.36203213,49573996.96151
2025-04-29 19:38:00,136931000.0,136931000.0,136931000.0,136931000.0,0.00817969,1120053.13139
2025-04-29 19:38:00,136931000.0,136937000.0,136931000.0,136935000.0,0.29976289,41047041.20273
2025-04-29 19:38:00,136931000.0,136931000.0,136931000.0,136931000.0,0.00744976,1020103.08656
2025-04-29 19:38:00,136931000.0,136936000.0,136931000.0,136936000.0,0.27609804,37806484.00074
2025-04-29 19:38:00,136931000.0,136937000.0,136931000.0,136935000.0,0.30303945,41495713.44009
2025-04-29 19:38:00,136931000.0,136937000.0,136931000.0,136935000.0,0.30096289,41211363.20273
2025-04-29 19:38:00,136931000.0,136937000.0,136931000.0,136937000.0,0.31047601,42514038.15067
2025-04-29 19:38:00,136931000.0,136937000.0,136931000.0,136931000.0,0.28806289,39444901.70273
2025-04-29 19:38:00,136931000.0,136931000.0,136931000.0,136931000.0,0.00498524,682633.89844
2025-04-29 19:38:00,136931000.0,136931000.0,136931000.0,136931000.0,0.00078524,107523.69844
2025-04-29 19:38:00,136931000.0,136937000.0,136931000.0,136937000.0,0.31147601,42650975.15067
2025-04-29 19:38:00,136931000.0,136937000.0,136931000.0,136937000.0,0.28499804,39025216.72738
2025-04-29 19:38:00,136931000.0,136937000.0,136931000.0,136935000.0,0.30757601,42116920.85709
2025-04-29 19:38:00,136931000.0,136936000.0,136931000.0,136936000.0,0.27999804,38340534.40074
2025-04-29 19:38:00,136931000.0,136936000.0,136931000.0,136936000.0,0.28159804,38559632.00074
2025-04-29 19:38:00,136931000.0,136937000.0,136931000.0,136931000.0,0.30183945,41331391.44009
2025-04-29 19:38:00,136931000.0,136937000.0,136931000.0,136937000.0,0.32813586,44932280.61992
2025-04-29 19:38:00,136931000.0,136931000.0,136931000.0,136931000.0,0.00737677,1010108.49287
2025-04-29 19:38:00,136931000.0,136945000.0,136931000.0,136945000.0,0.3697213,50626980.69878
2025-04-29 19:38:00,136931000.0,136936000.0,136931000.0,136936000.0,0.27869804,38162517.60074
2025-04-29 19:38:00,136931000.0,136931000.0,136931000.0,136931000.0,0.02273969,3113768.49139
2025-04-29 19:38:00,136931000.0,136936000.0,136931000.0,136931000.0,0.18675357,25572371.09367
2025-04-29 19:38:00,136931000.0,136937000.0,136931000.0,136935000.0,0.29106289,39855706.70273
2025-04-29 19:38:00,136931000.0,136945000.0,136931000.0,136945000.0,0.35233213,48245630.46151
2025-04-29 19:38:00,136931000.0,136937000.0,136931000.0,136937000.0,0.35113213,48081296.46151
2025-04-29 19:38:00,136931000.0,136931000.0,136931000.0,136931000.0,0.02533969,3469789.09139
2025-04-29 19:38:00,136931000.0,136936000.0,136931000.0,136936000.0,0.19043067,26075898.45927
2025-04-29 19:38:00,136931000.0,136931000.0,136931000.0,136931000.0,0.03146343,4308318.93333
2025-04-29 19:38:00,136931000.0,136931000.0,136931000.0,136931000.0,0.00168524,230761.59844
2025-04-29 19:38:00,136931000.0,136931000.0,136931000.0,136931000.0,0.11782226,16133519.88406
2025-04-29 19:38:00,136931000.0,136936000.0,136931000.0,136936000.0,0.25204375,34512656.61675
2025-04-29 19:38:00,136931000.0,136937000.0,136931000.0,136937000.0,0.34143948,46754014.04846
2025-04-29 19:38:00,136931000.0,136936000.0,136931000.0,136931000.0,0.24854375,34033380.61675
2025-04-29 19:38:00,136931000.0,136931000.0,136931000.0,136931000.0,0.01107969,1517153.03139
2025-04-29 19:39:00,136945000.0,136945000.0,136931000.0,136945000.0,0.20298724,27796204.93182
2025-04-29 19:39:00,136945000.0,136945000.0,136937000.0,136937000.0,0.04972661,6809570.05913
2025-04-29 19:39:00,136945000.0,136945000.0,136931000.0,136945000.0,0.19294113,26420443.46485
2025-04-29 19:39:00,136945000.0,136945000.0,136937000.0,136945000.0,0.05916697,8102379.52207
2025-04-29 19:39:00,136945000.0,136945000.0,136931000.0,136931000.0,0.1931602,26450440.93902
2025-04-29 19:39:00,136945000.0,136945000.0,136931000.0,136945000.0,0.08684067,11891915.97015
2025-04-29 19:39:00,136945000.0,136945000.0,136931000.0,136945000.0,0.08444067,11563247.97015
2025-04-29 19:39:00,136945000.0,136945000.0,136937000.0,136945000.0,0.05186387,7102256.49257
2025-04-29 19:39:00,136945000.0,136945000.0,136931000.0,136931000.0,0.08164067,11179801.97015
2025-04-29 19:39:00,136945000.0,136945000.0,136937000.0,136944000.0,0.05036387,6896838.99257
2025-04-29 19:39:00,136945000.0,136945000.0,136937000.0,136944000.0,0.05924021,8112409.30063
2025-04-29 19:39:00,136945000.0,136945000.0,136931000.0,136945000.0,0.08854067,12124722.47015
2025-04-29 19:39:00,136945000.0,136945000.0,136931000.0,136945000.0,0.19117602,26178720.4759
2025-04-29 19:39:00,136945000.0,136945000.0,136931000.0,136945000.0,0.19154113,26228720.46485
2025-04-29 19:39:00,136945000.0,136945000.0,136937000.0,136945000.0,0.00742661,1017036.52189
2025-04-29 19:39:00,136945000.0,136945000.0,136937000.0,136945000.0,0.00642661,880091.52189
2025-04-29 19:39:00,136945000.0,136945000.0,136937000.0,136944000.0,0.0593866,8132456.53279
2025-04-29 19:39:00,136945000.0,136945000.0,136937000.0,136944000.0,0.0597897,8187658.7177
2025-04-29 19:39:00,136945000.0,136945000.0,136937000.0,136945000.0,0.00942661,1290926.52189
2025-04-29 19:39:00,136945000.0,136945000.0,136937000.0,136937000.0,0.00142661,195366.52189
2025-04-29 19:39:00,136945000.0,136945000.0,136945000.0,136945000.0,0.00071191,97492.51495
2025-04-29 19:39:00,136945000.0,136945000.0,136937000.0,136945000.0,0.01972661,2701460.02189
2025-04-29 19:39:00,136945000.0,136945000.0,136937000.0,136945000.0,0.01442661,1975651.52189
2025-04-29 19:40:00,136945000.0,136945000.0,136931000.0,136945000.0,0.09245857,12660919.9386
2025-04-29 19:40:00,136945000.0,136945000.0,136943000.0,136945000.0,0.01745238,2390015.36369
2025-04-29 19:40:00,136945000.0,136945000.0,136931000.0,136945000.0,0.04044496,5538631.99049
2025-04-29 19:40:00,136945000.0,136945000.0,136943000.0,136945000.0,0.01854735,2539966.03034
2025-04-29 19:40:00,136945000.0,136945000.0,136943000.0,136945000.0,0.0181826,2490015.34159
2025-04-29 19:40:00,136945000.0,136945000.0,136945000.0,136945000.0,0.00116215,159150.63175
2025-04-29 19:40:00,136945000.0,136945000.0,136931000.0,136931000.0,0.09157877,12540435.7276
2025-04-29 19:40:00,136945000.0,136945000.0,136945000.0,136945000.0,0.01672216,2290016.2012
2025-04-29 19:40:00,136945000.0,136945000.0,136931000.0,136945000.0,0.02592332,3549966.00069
2025-04-29 19:41:00,136945000.0,136945000.0,136848000.0,136890000.0,0.19703753,26975532.66235
2025-04-29 19:41:00,136945000.0,136945000.0,136890000.0,136905000.0,0.14831967,20306444.27058
2025-04-29 19:41:00,136945000.0,136945000.0,136890000.0,136906000.0,0.14824663,20296444.72938
2025-04-29 19:41:00,136945000.0,136945000.0,136906000.0,136906000.0,0.04176653,5719124.6104
2025-04-29 19:41:00,136945000.0,136945000.0,136931000.0,136931000.0,0.0378211,5178893.82246
2025-04-29 19:41:00,136945000.0,136945000.0,136890000.0,136906000.0,0.13912715,19047933.2005
2025-04-29 19:41:00,136945000.0,136945000.0,136931000.0,136931000.0,0.00404513,553916.47439
2025-04-29 19:41:00,136945000.0,136945000.0,136890000.0,136906000.0,0.13833645,18939681.6263
2025-04-29 19:41:00,136945000.0,136945000.0,136848000.0,136905000.0,0.17303547,23689532.13805
2025-04-29 19:41:00,136945000.0,136945000.0,136848000.0,136848000.0,0.17157534,23489633.0404
2025-04-29 19:41:00,136945000.0,136945000.0,136848000.0,136905000.0,0.19493753,26688033.66235
2025-04-29 19:41:00,136945000.0,136945000.0,136848000.0,136848000.0,0.17115558,23432189.72392
2025-04-29 19:41:00,136945000.0,136945000.0,136890000.0,136890000.0,0.06054478,8289683.6354
2025-04-29 19:41:00,136945000.0,136945000.0,136931000.0,136931000.0,0.00194191,265917.38973
2025-04-29 19:41:00,136945000.0,136945000.0,136931000.0,136944000.0,0.03855132,5278893.07014
2025-04-29 19:41:00,136945000.0,136945000.0,136931000.0,136931000.0,0.00135428,185452.6262
2025-04-29 19:41:00,136945000.0,136945000.0,136890000.0,136906000.0,0.08632096,11818597.33448
2025-04-29 19:41:00,136945000.0,136945000.0,136890000.0,136890000.0,0.09601388,13145468.45788
2025-04-29 19:41:00,136945000.0,136945000.0,136945000.0,136945000.0,0.00069368,94996.0076
2025-04-29 19:42:00,136905000.0,136905000.0,136848000.0,136848000.0,0.2176017,29788819.66012
2025-04-29 19:42:00,136905000.0,136905000.0,136890000.0,136903000.0,0.19464569,26646495.12259
2025-04-29 19:42:00,136905000.0,136905000.0,136904000.0,136905000.0,0.00751995,1029513.75475
2025-04-29 19:42:00,136905000.0,136905000.0,136904000.0,136905000.0,0.09641704,13199969.8612
2025-04-29 19:42:00,136905000.0,136905000.0,136890000.0,136890000.0,0.19423316,26590018.528
2025-04-29 19:42:00,136905000.0,136905000.0,136890000.0,136890000.0,0.20950046,28680101.6751
2025-04-29 19:42:00,136905000.0,136905000.0,136904000.0,136905000.0,0.00715474,979514.6797
2025-04-29 19:42:00,136905000.0,136905000.0,136890000.0,136890000.0,0.21132624,28930032.6993
2025-04-29 19:42:00,136905000.0,136905000.0,136890000.0,136890000.0,0.18718407,25625068.5979
2025-04-29 19:42:00,136905000.0,136905000.0,136904000.0,136904000.0,0.00569388,779515.6414
2025-04-29 19:42:00,136905000.0,136905000.0,136890000.0,136890000.0,0.14651704,20058158.8612
2025-04-29 19:42:00,136905000.0,136905000.0,136904000.0,136905000.0,0.02341019,3204967.06195
2025-04-29 19:42:00,136905000.0,136905000.0,136890000.0,136890000.0,0.14641704,20044469.8612
2025-04-29 19:42:00,136905000.0,136905000.0,136905000.0,136905000.0,0.00069388,94995.6414
2025-04-29 19:43:00,136897000.0,136897000.0,136840000.0,136848000.0,0.13578922,18582431.18176
2025-04-29 19:43:00,136897000.0,136897000.0,136840000.0,136848000.0,0.13134698,17974519.52224
2025-04-29 19:43:00,136897000.0,136897000.0,136848000.0,136848000.0,0.02107471,2884073.08584
2025-04-29 19:43:00,136897000.0,136897000.0,136848000.0,136848000.0,0.05018926,6868362.86808
2025-04-29 19:43:00,136897000.0,136897000.0,136840000.0,136840000.0,0.05206892,7125587.40592
2025-04-29 19:43:00,136897000.0,136897000.0,136848000.0,136897000.0,0.0213669,2924073.02027
2025-04-29 19:43:00,136897000.0,136897000.0,136840000.0,136848000.0,0.0557226,7625586.20656
2025-04-29 19:43:00,136897000.0,136897000.0,136840000.0,136840000.0,0.07144195,9776635.9768
2025-04-29 19:43:00,136897000.0,136897000.0,136848000.0,136848000.0,0.0428845,5868721.0716
2025-04-29 19:43:00,136897000.0,136897000.0,136848000.0,136848000.0,0.03231365,4422121.17159
2025-04-29 19:43:00,136897000.0,136897000.0,136840000.0,136840000.0,0.05577373,7632582.83576
2025-04-29 19:43:00,136897000.0,136897000.0,136840000.0,136848000.0,0.08011772,10963897.74976
2025-04-29 19:43:00,136897000.0,136897000.0,136897000.0,136897000.0,0.0006211,85026.7267
2025-04-29 19:43:00,136897000.0,136897000.0,136897000.0,136897000.0,0.00084024,115026.33528
2025-04-29 19:43:00,136897000.0,136897000.0,136840000.0,136848000.0,0.0571479,7820635.25192
2025-04-29 19:43:00,136897000.0,136897000.0,136848000.0,136849000.0,0.03377511,4622119.26888
2025-04-29 19:43:00,136897000.0,136897000.0,136848000.0,136848000.0,0.03718363,5088568.41384
2025-04-29 19:43:00,136897000.0,136897000.0,136840000.0,136848000.0,0.05587373,7646267.63576
2025-04-29 19:44:00,136849000.0,136940000.0,136848000.0,136849000.0,0.40301418,55168460.97487
2025-04-29 19:44:00,136849000.0,136940000.0,136848000.0,136849000.0,0.39917484,54643051.13521
2025-04-29 19:44:00,136849000.0,136940000.0,136848000.0,136849000.0,0.47682274,65269100.2162
2025-04-29 19:44:00,136849000.0,136940000.0,136848000.0,136903000.0,0.39639273,54262271.89186
2025-04-29 19:44:00,136849000.0,136940000.0,136848000.0,136940000.0,0.32312609,44235869.47929
2025-04-29 19:44:00,136849000.0,136849000.0,136849000.0,136849000.0,0.00069417,94996.47033
2025-04-29 19:44:00,136849000.0,136940000.0,136848000.0,136940000.0,0.23389351,32024407.7204
2025-04-29 19:44:00,136849000.0,136849000.0,136848000.0,136849000.0,0.02535705,3470079.62807
2025-04-29 19:44:00,136849000.0,136940000.0,136848000.0,136903000.0,0.39703922,54350778.31233
2025-04-29 19:44:00,136849000.0,136849000.0,136848000.0,136848000.0,0.00800155,1094996.80857
2025-04-29 19:44:00,136849000.0,136940000.0,136848000.0,136938000.0,0.32319911,44245868.69205
2025-04-29 19:44:00,136849000.0,136940000.0,136848000.0,136849000.0,0.3991018,54633055.68425
2025-04-29 19:44:00,136849000.0,136940000.0,136848000.0,136849000.0,0.39764034,54433056.34471
2025-04-29 19:44:00,136849000.0,136940000.0,136848000.0,136939000.0,0.39716701,54368277.66338
2025-04-29 19:44:00,136849000.0,136940000.0,136848000.0,136902000.0,0.40374949,55269099.02695
2025-04-29 19:45:00,136902000.0,136903000.0,136849000.0,136900000.0,0.28446957,38940462.68001
2025-04-29 19:45:00,136902000.0,136903000.0,136849000.0,136902000.0,0.2825572,38678659.00586
2025-04-29 19:45:00,136902000.0,136903000.0,136849000.0,136902000.0,0.25021533,34251066.51912
2025-04-29 19:45:00,136902000.0,136903000.0,136849000.0,136901000.0,0.28277835,38708934.66201
2025-04-29 19:45:00,136902000.0,136903000.0,136902000.0,136902000.0,0.1734199,23741531.20093
2025-04-29 19:45:00,136902000.0,136903000.0,136849000.0,136849000.0,0.24724329,33844188.29904
2025-04-29 19:45:00,136902000.0,136903000.0,136902000.0,136902000.0,0.17164997,23499224.24407
2025-04-29 19:45:00,136902000.0,136903000.0,136849000.0,136902000.0,0.2810572,38473380.20586
2025-04-29 19:45:00,136902000.0,136902000.0,136902000.0,136902000.0,0.12162405,16650575.6931
2025-04-29 19:45:00,136902000.0,136902000.0,136902000.0,136902000.0,0.00349385,478315.0527
2025-04-29 19:45:00,136902000.0,136902000.0,136902000.0,136902000.0,0.00941924,1289512.79448
2025-04-29 19:46:00,136850000.0,136900000.0,136774000.0,136774000.0,0.91248576,124852530.63727
2025-04-29 19:46:00,136850000.0,136900000.0,136776000.0,136776000.0,0.91175491,124752569.35937
2025-04-29 19:46:00,136850000.0,136900000.0,136777000.0,136777000.0,0.91134257,124696171.14353
2025-04-29 19:46:00,136850000.0,136900000.0,136777000.0,136777000.0,0.90590887,123952965.95863
2025-04-29 19:46:00,136850000.0,136900000.0,136793000.0,136793000.0,0.73183307,100142836.25366
2025-04-29 19:46:00,136850000.0,136900000.0,136800000.0,136800000.0,0.73178194,100135842.02757
2025-04-29 19:46:00,136850000.0,136900000.0,136800000.0,136800000.0,0.70618176,96633737.40357
2025-04-29 19:46:00,136850000.0,136900000.0,136840000.0,136840000.0,0.45621014,62431641.34299
2025-04-29 19:46:00,136850000.0,136900000.0,136848000.0,136848000.0,0.45455018,62204491.06496
2025-04-29 19:46:00,136850000.0,136900000.0,136848000.0,136900000.0,0.45348259,62058393.50864
2025-04-29 19:46:00,136850000.0,136900000.0,136837000.0,136837000.0,0.49422013,67632818.80946
2025-04-29 19:46:00,136850000.0,136900000.0,136837000.0,136837000.0,0.46671163,63868637.09039
2025-04-29 19:46:00,136850000.0,136900000.0,136800000.0,136826000.0,0.67855925,92854788.01327
2025-04-29 19:46:00,136850000.0,136900000.0,136800000.0,136826000.0,0.67819389,92804797.26591
2025-04-29 19:46:00,136850000.0,136900000.0,136800000.0,136800000.0,0.67782847,92754798.30899
2025-04-29 19:46:00,136850000.0,136900000.0,136800000.0,136800000.0,0.69331673,94873611.27727
2025-04-29 19:46:00,136850000.0,136900000.0,136826000.0,136826000.0,0.64335362,88038207.91248
2025-04-29 19:46:00,136850000.0,136900000.0,136826000.0,136826000.0,0.64331708,88033208.29044
2025-04-29 19:46:00,136850000.0,136900000.0,136823000.0,136823000.0,0.65454537,89569511.73993
2025-04-29 19:47:00,136774000.0,136774000.0,136766000.0,136767000.0,0.49396507,67559310.71733
2025-04-29 19:47:00,136774000.0,136774000.0,136766000.0,136767000.0,0.48989102,67002115.12098
2025-04-29 19:47:00,136774000.0,136774000.0,136766000.0,136767000.0,0.45962458,62862664.9215
2025-04-29 19:47:00,136774000.0,136774000.0,136766000.0,136767000.0,0.45683442,62481063.10878
2025-04-29 19:47:00,136774000.0,136774000.0,136766000.0,136767000.0,0.48962458,66965674.9215
2025-04-29 19:47:00,136774000.0,136774000.0,136766000.0,136767000.0,0.45668832,62461081.45008
2025-04-29 19:47:00,136774000.0,136774000.0,136770000.0,136774000.0,0.17348625,23728397.47847
2025-04-29 19:47:00,136774000.0,136774000.0,136770000.0,136774000.0,0.18790961,25701138.11911
2025-04-29 19:47:00,136774000.0,136774000.0,136770000.0,136774000.0,0.19423928,26566872.40369
2025-04-29 19:47:00,136774000.0,136774000.0,136770000.0,136774000.0,0.09258492,12663198.96905
2025-04-29 19:47:00,136774000.0,136774000.0,136770000.0,136774000.0,0.00470218,643125.08829
2025-04-29 19:47:00,136774000.0,136774000.0,136770000.0,136774000.0,0.01932485,2643126.15487
2025-04-29 19:47:00,136774000.0,136774000.0,136770000.0,136774000.0,0.1943855,26586871.49797
2025-04-29 19:47:00,136774000.0,136774000.0,136774000.0,136774000.0,0.00030157,41246.93518
2025-04-29 19:47:00,136774000.0,136774000.0,136766000.0,136766000.0,0.29152476,39872241.31479
2025-04-29 19:47:00,136774000.0,136774000.0,136766000.0,136774000.0,0.44022789,60209825.19766
2025-04-29 19:47:00,136774000.0,136774000.0,136766000.0,136767000.0,0.45665176,62456081.24856
2025-04-29 19:47:00,136774000.0,136774000.0,136766000.0,136767000.0,0.43757999,59847661.32306
2025-04-29 19:47:00,136774000.0,136774000.0,136766000.0,136766000.0,0.4071579,55686923.34003
2025-04-29 19:47:00,136774000.0,136774000.0,136766000.0,136766000.0,0.30708477,42000321.64245
2025-04-29 19:47:00,136774000.0,136774000.0,136766000.0,136767000.0,0.40818355,55827198.41358
2025-04-29 19:47:00,136774000.0,136774000.0,136766000.0,136767000.0,0.40722892,55696636.53237
2025-04-29 19:48:00,136774000.0,136774000.0,136708000.0,136708000.0,0.58652336,80209950.5391
2025-04-29 19:48:00,136774000.0,136774000.0,136711000.0,136711000.0,0.57692837,78898178.54909
2025-04-29 19:48:00,136774000.0,136774000.0,136730000.0,136730000.0,0.57634386,78818268.50533
2025-04-29 19:48:00,136774000.0,136774000.0,136711000.0,136766000.0,0.57765954,78998177.74531
2025-04-29 19:48:00,136774000.0,136774000.0,136751000.0,136751000.0,0.29307657,40082585.67037
2025-04-29 19:48:00,136774000.0,136774000.0,136758000.0,136758000.0,0.20779821,28420470.56169
2025-04-29 19:48:00,136774000.0,136774000.0,136708000.0,136708000.0,0.58514113,80020988.64026
2025-04-29 19:48:00,136774000.0,136774000.0,136709000.0,136709000.0,0.58414113,79884280.64026
2025-04-29 19:48:00,136774000.0,136774000.0,136758000.0,136766000.0,0.19957644,27296021.69995
2025-04-29 19:48:00,136774000.0,136774000.0,136766000.0,136766000.0,0.18491509,25290919.79629
2025-04-29 19:48:00,136774000.0,136774000.0,136758000.0,136766000.0,0.19928397,27256021.74793
2025-04-29 19:48:00,136774000.0,136774000.0,136758000.0,136758000.0,0.18695342,25569679.79447
2025-04-29 19:48:00,136774000.0,136774000.0,136767000.0,136774000.0,0.13371162,18287993.2974
2025-04-29 19:48:00,136774000.0,136774000.0,136767000.0,136774000.0,0.13444275,18387992.87202
2025-04-29 19:48:00,136774000.0,136774000.0,136767000.0,136774000.0,0.06069919,8301791.19658
2025-04-29 19:48:00,136774000.0,136774000.0,136767000.0,136767000.0,0.05816166,7954724.16507
2025-04-29 19:48:00,136774000.0,136774000.0,136766000.0,136766000.0,0.17816651,24367943.50401
2025-04-29 19:48:00,136774000.0,136774000.0,136758000.0,136758000.0,0.19591454,26795202.60799
2025-04-29 19:48:00,136774000.0,136774000.0,136758000.0,136758000.0,0.193464,26460053.69411
2025-04-29 19:48:00,136774000.0,136774000.0,136758000.0,136766000.0,0.19478477,26640690.12393
2025-04-29 19:48:00,136774000.0,136774000.0,136758000.0,136758000.0,0.18753057,25648609.67417
2025-04-29 19:48:00,136774000.0,136774000.0,136774000.0,136774000.0,0.00044779,61246.02946
2025-04-29 19:48:00,136774000.0,136774000.0,136774000.0,136774000.0,0.00405967,555257.30458
2025-04-29 19:48:00,136774000.0,136774000.0,136758000.0,136766000.0,0.2010056,27491482.19651
2025-04-29 19:48:00,136774000.0,136774000.0,136758000.0,136766000.0,0.20658145,28254068.89761
2025-04-29 19:48:00,136774000.0,136774000.0,136774000.0,136774000.0,0.01834455,2509057.4817
2025-04-29 19:48:00,136774000.0,136774000.0,136774000.0,136774000.0,0.01761342,2409057.90708
2025-04-29 19:49:00,136708000.0,136708000.0,136673000.0,136674000.0,0.35618021,48683307.96434
2025-04-29 19:49:00,136708000.0,136708000.0,136673000.0,136674000.0,0.35087539,47958276.99566
2025-04-29 19:49:00,136708000.0,136708000.0,136674000.0,136674000.0,0.29459124,40265697.15173
2025-04-29 19:49:00,136708000.0,136708000.0,136674000.0,136674000.0,0.30361088,41498447.42909
2025-04-29 19:49:00,136708000.0,136708000.0,136681000.0,136681000.0,0.2769801,37858705.92842
2025-04-29 19:49:00,136708000.0,136708000.0,136674000.0,136674000.0,0.32950278,45037196.96969
2025-04-29 19:49:00,136708000.0,136708000.0,136673000.0,136674000.0,0.35168021,48068274.96434
2025-04-29 19:49:00,136708000.0,136708000.0,136674000.0,136674000.0,0.34090278,46595280.56969
2025-04-29 19:49:00,136708000.0,136708000.0,136674000.0,136674000.0,0.33030278,45146536.16969
2025-04-29 19:49:00,136708000.0,136708000.0,136681000.0,136681000.0,0.2766143,37808708.01862
2025-04-29 19:49:00,136708000.0,136708000.0,136690000.0,136690000.0,0.04942672,6756423.87906
2025-04-29 19:49:00,136708000.0,136708000.0,136690000.0,136690000.0,0.04935357,6746425.00556
2025-04-29 19:49:00,136708000.0,136708000.0,136681000.0,136684000.0,0.06423816,8780889.57386
2025-04-29 19:49:00,136708000.0,136708000.0,136690000.0,136690000.0,0.03838508,5247141.81483
2025-04-29 19:49:00,136708000.0,136708000.0,136690000.0,136690000.0,0.03077135,4206421.06113
2025-04-29 19:49:00,136708000.0,136708000.0,136690000.0,136691000.0,0.03867771,5287141.70216
2025-04-29 19:49:00,136708000.0,136708000.0,136681000.0,136684000.0,0.06506969,8894546.42038
2025-04-29 19:49:00,136708000.0,136708000.0,136681000.0,136684000.0,0.0788479,10777777.70022
2025-04-29 19:49:00,136708000.0,136708000.0,136681000.0,136684000.0,0.07519166,10278028.19206
2025-04-29 19:49:00,136708000.0,136708000.0,136681000.0,136684000.0,0.07497218,10248028.78774
2025-04-29 19:49:00,136708000.0,136708000.0,136698000.0,136698000.0,0.02910379,3978473.07936
2025-04-29 19:49:00,136708000.0,136708000.0,136698000.0,136698000.0,0.02566185,3507966.76524
2025-04-29 19:49:00,136708000.0,136708000.0,136698000.0,136698000.0,0.02383405,3258110.16084
2025-04-29 19:49:00,136708000.0,136708000.0,136691000.0,136691000.0,0.03026421,4137099.66047
2025-04-29 19:49:00,136708000.0,136708000.0,136698000.0,136698000.0,0.03019106,4127100.71382
2025-04-29 19:49:00,136708000.0,136708000.0,136698000.0,136698000.0,0.02237152,3058185.2349
2025-04-29 19:49:00,136708000.0,136708000.0,136698000.0,136698000.0,0.02911336,3979781.27922
2025-04-29 19:49:00,136708000.0,136708000.0,136700000.0,136700000.0,0.00158382,216511.1928
2025-04-29 19:49:00,136708000.0,136708000.0,136691000.0,136691000.0,0.03069827,4196431.75593
2025-04-29 19:49:00,136708000.0,136708000.0,136691000.0,136691000.0,0.03062963,4187049.28569
2025-04-29 19:49:00,136708000.0,136708000.0,136700000.0,136708000.0,0.00165696,226510.01592
2025-04-29 19:49:00,136708000.0,136708000.0,136700000.0,136700000.0,0.00319273,436449.77492
2025-04-29 19:49:00,136708000.0,136708000.0,136700000.0,136700000.0,0.01834196,2507349.51592
2025-04-29 19:50:00,136673000.0,136680000.0,136670000.0,136671000.0,0.09512378,13000788.89864
2025-04-29 19:50:00,136673000.0,136680000.0,136670000.0,136672000.0,0.11207143,15317043.00398
2025-04-29 19:50:00,136673000.0,136707000.0,136669000.0,136707000.0,1.54023528,210514811.96353
2025-04-29 19:50:00,136673000.0,136680000.0,136670000.0,136670000.0,0.08879233,12135468.32714
2025-04-29 19:50:00,136673000.0,136690000.0,136669000.0,136690000.0,1.21960922,166688211.22137
2025-04-29 19:50:00,136673000.0,136707000.0,136669000.0,136681000.0,1.54755159,211514867.73408
2025-04-29 19:50:00,136673000.0,136680000.0,136670000.0,136671000.0,0.10348149,14143045.48205
2025-04-29 19:50:00,136673000.0,136680000.0,136669000.0,136670000.0,0.62500626,85419522.94066
2025-04-29 19:50:00,136673000.0,136707000.0,136669000.0,136690000.0,1.56125202,213387579.51078
2025-04-29 19:50:00,136673000.0,136691000.0,136669000.0,136691000.0,1.5215029,207954066.21753
2025-04-29 19:50:00,136673000.0,136680000.0,136669000.0,136671000.0,0.63011682,86117984.57586
2025-04-29 19:50:00,136673000.0,136690000.0,136669000.0,136690000.0,1.21504251,166063987.63147
2025-04-29 19:50:00,136673000.0,136700000.0,136669000.0,136700000.0,1.53603528,209940642.56353
2025-04-29 19:50:00,136673000.0,136707000.0,136669000.0,136690000.0,1.62869842,222606779.87178
2025-04-29 19:50:00,136673000.0,136681000.0,136669000.0,136681000.0,0.99372606,135813598.55463
2025-04-29 19:50:00,136673000.0,136680000.0,136669000.0,136669000.0,0.55554787,75926644.77936
2025-04-29 19:50:00,136673000.0,136681000.0,136669000.0,136681000.0,1.00835764,137813358.76327
2025-04-29 19:50:00,136673000.0,136680000.0,136669000.0,136669000.0,0.30150825,41207303.95358
2025-04-29 19:50:00,136673000.0,136680000.0,136670000.0,136670000.0,0.12692316,17346835.44881
2025-04-29 19:50:00,136673000.0,136690000.0,136669000.0,136690000.0,1.17909949,161150956.98733
2025-04-29 19:50:00,136673000.0,136680000.0,136669000.0,136672000.0,0.94741167,129483306.22039
2025-04-29 19:50:00,136673000.0,136681000.0,136669000.0,136681000.0,0.99051167,135374252.51504
2025-04-29 19:50:00,136673000.0,136690000.0,136669000.0,136690000.0,1.20958355,165317820.01971
2025-04-29 19:50:00,136673000.0,136680000.0,136670000.0,136671000.0,0.11235038,15355167.37943
2025-04-29 19:50:00,136673000.0,136707000.0,136669000.0,136690000.0,1.62155016,221629733.65282
2025-04-29 19:50:00,136673000.0,136707000.0,136669000.0,136683000.0,1.62861308,222595114.74718
2025-04-29 19:50:00,136673000.0,136707000.0,136669000.0,136707000.0,1.62081016,221528583.37282
2025-04-29 19:50:00,136673000.0,136673000.0,136673000.0,136673000.0,0.01602087,2189620.36551
2025-04-29 19:50:00,136673000.0,136673000.0,136673000.0,136673000.0,0.01290791,1764162.78343
2025-04-29 19:50:00,136673000.0,136707000.0,136669000.0,136682000.0,1.62085016,221534050.65282
2025-04-29 19:50:00,136673000.0,136680000.0,136670000.0,136670000.0,0.08768608,11984277.13964
2025-04-29 19:50:00,136673000.0,136680000.0,136672000.0,136672000.0,0.07313067,9994970.13601
2025-04-29 19:50:00,136673000.0,136680000.0,136672000.0,136672000.0,0.05118031,6994970.53409
2025-04-29 19:50:00,136673000.0,136680000.0,136670000.0,136672000.0,0.08537684,11668673.30884
2025-04-29 19:50:00,136673000.0,136707000.0,136669000.0,136690000.0,1.57375202,215096204.51078
2025-04-29 19:50:00,136673000.0,136673000.0,136673000.0,136673000.0,0.03539564,4837628.30572
2025-04-29 19:50:00,136673000.0,136673000.0,136673000.0,136673000.0,0.02299564,3142883.10572
2025-04-29 19:50:00,136673000.0,136680000.0,136673000.0,136680000.0,0.04769564,6518713.71585
2025-04-29 19:50:00,136673000.0,136680000.0,136672000.0,136672000.0,0.05110715,6984971.61057
2025-04-29 19:50:00,136673000.0,136680000.0,136672000.0,136672000.0,0.04842732,6618713.88481
2025-04-29 19:51:00,136707000.0,136707000.0,136683000.0,136683000.0,0.16072831,21969005.20771
2025-04-29 19:51:00,136707000.0,136707000.0,136683000.0,136690000.0,0.16272831,22242384.84294
2025-04-29 19:51:00,136707000.0,136707000.0,136684000.0,136684000.0,0.0107686,1472062.16578
2025-04-29 19:51:00,136707000.0,136707000.0,136683000.0,136683000.0,0.15472831,21148907.20771
2025-04-29 19:51:00,136707000.0,136707000.0,136707000.0,136707000.0,0.00040232,54999.96024
2025-04-29 19:51:00,136707000.0,136707000.0,136683000.0,136683000.0,0.0166686,2278491.86578
2025-04-29 19:51:00,136707000.0,136707000.0,136683000.0,136683000.0,0.1165686,15933123.56578
